h,Accuracy,Macro-F1,Macro-Recall
1,0.7426003611017353,0.686929900853447,0.6949861047661665
6,0.7039579557810801,0.49654581344159787,0.5236564253308025
12,0.5793206601184621,0.5572759405452774,0.5877273839731566
24,0.5464412201843497,0.47599977314566083,0.5071567645098338
